<?xml version="1.0" encoding="UTF-8"?>
<project-private xmlns="http://www.netbeans.org/ns/project-private/1">
    <editor-bookmarks xmlns="http://www.netbeans.org/ns/editor-bookmarks/2" lastBookmarkId="0"/>
    <open-files xmlns="http://www.netbeans.org/ns/projectui-open-files/2">
        <group>
            <file>file:/C:/Users/domin/Documents/NetBeansProjects/%20Calculating%20the%20polygon%20field/Calculating%20the%20polygon%20field/src/calculating/polygon/field/CalculatingThePolygonField.java</file>
            <file>file:/C:/Users/domin/Documents/NetBeansProjects/%20Calculating%20the%20polygon%20field/Calculating%20the%20polygon%20field/src/calculating/polygon/field/Controller/Controller.java</file>
            <file>file:/C:/Users/domin/Documents/NetBeansProjects/%20Calculating%20the%20polygon%20field/Calculating%20the%20polygon%20field/src/calculating/polygon/field/View/View.java</file>
            <file>file:/C:/Users/domin/Documents/NetBeansProjects/%20Calculating%20the%20polygon%20field/Calculating%20the%20polygon%20field/src/calculating/polygon/field/Model/Model.java</file>
        </group>
    </open-files>
</project-private>
